subject	BIDS check	fmriprep check	Anat	epi_r1	sdc_r1	epi_r2	sdc_r2	epi_r3	sdc_r3	epi_r4	sdc_r4	From TSV Files	fd_r1	min_r1	max_r1	mcflirt_3mm_r1	fd_r2	min_r2	max_r2	mcflirt_3mm_r2	fd_r3	min_r3	max_r3	mcflirt_3mm_r3	fd_r4	min_r4	max_r4	mcflirt_3mm_r4	FSL Level 1	activation_r1	activation_r2	activation_r3	activation_r4	FSL Level 2	mot_outlier_ct_r1	mot_outlier_ct_r2	mot_outlier_ct_r3	mot_outlier_ct_r4
sub-001	y	--	good	good	good	good	good	good	good	good	good	--	pass	0.0389432	0.9372651	pass	pass	0.03128807	1.49291285	pass	pass	0.0214862	0.864921525	pass	pass	0.0366864052	1.3151153	pass	--									
sub-002	y	--	good	good	good	good	good	good	good	good	good	--	pass	0.0299516	0.582734965	pass	pass	0.03363857	0.3497568	pass	pass	0.015229423	0.491711	pass	pass	0.0419083	0.70185751	pass	--									
sub-003	y	--	good	good	good	good	good	good	good	good	good	--	pass	0.02881315	0.56679505	pass	pass	0.009841725	0.4407243	pass	pass	0.0298353	0.64238855	pass	pass	0.03567149	0.4705076	pass	--									
sub-004	y	--	good	good	good	good	good	good	good	good	good	--	pass	0.0219213	1.76639425	pass	pass	0.028897505	1.020489039	pass	pass	0.0261231	1.388662	pass	pass	0.0241345	0.88134345	pass	--									
sub-005	y	--	good	good	good	good	good	good	good	good	good	--	pass	0.0082528	0.590167	pass	pass	0.01132035	0.927734535	pass	pass	0.0055875	0.60057259	pass	pass	0.0212007	0.6759882	pass	--									
sub-006	y	--	good	good	good	good	good	good	good	good	good	--	pass	0.0704487	1.335473	pass	pass	0.029588	1.9039556	pass	pass	0.0321281	7.6215212	fail	pass	0.02970311	2.80010565	pass	--									
sub-007	y	--	good	good	good	good	good	good	good	good	good	--	pass	0.04901875	0.7628217	pass	pass	0.0335526	0.5593315	pass	pass	0.04250815	0.694882	pass	pass	0.036949595	0.79849265	pass	--									
sub-008	y	--	good	good	good	good	good	good	good	good	good	--	pass	0.028243721	1.0490341	pass	pass	0.01455504	0.66408909	pass	pass	0.01460977	1.90630125	pass	pass	0.0166233	1.6027598	pass	--									
sub-009	y	--	good	good	good	good	good	good	good	good	good	--	pass	0.0235689	0.4493356	pass	pass	0.0361047	0.5241035	pass	pass	0.01627381	0.49095085	pass	pass	0.032103062	0.40075375	pass	--									
sub-010	y	--	good	good	good	good	good	good	good	good	good	--	pass	0.0351541	0.91395085	pass	pass	0.0150857	0.4829866	pass	pass	0.0328195	0.5860455	pass	pass	0.0388427	0.59567318	pass	--									
sub-011	y	--	good	good	good	good	good	good	good	good	good	--	pass	0.03376165	0.5003655	pass	pass	0.0247882	0.51760756	pass	pass	0.0037692	0.4236269	pass	pass	0.04009865	1.7413179	pass	--									
sub-012	y	--	good	good	good	good	good	good	good	good	good	--	pass	0.0402662	0.60630303	pass	pass	0.03972109	0.48904629	pass	pass	0.016407	0.338266576	pass	pass	0.02929945	0.6583872	pass	--									
sub-013	y	--	good	good	good	good	good	good	good	good	good	--	pass	0.016521	0.358003	pass	pass	0.01848055	0.23974431	pass	pass	0.02734805	0.5638906	pass	pass	0.02776967	0.275122324	pass	--									
sub-014	y	--	good	good	good	good	good	good	good	good	good	--	pass	0.03235258	0.66034595	pass	pass	0.0313349	0.394180535	pass	pass	0.004421155	0.5758052	pass	pass	0.02418425	0.3698639	pass	--									
sub-015	y	--	good	good	good	good	good	good	good	good	good	--	pass	0.02912651	0.8561834	pass	pass	0.036769	0.92115193	pass	pass	0.03649119	0.8600825	pass	pass	0.0460448	1.2160741	pass	--									
sub-016	y	--	good	good	good	good	good	good	good	good	good	--	pass	0.0215263	0.744945	pass	pass	0.0310046	0.55391055	pass	pass	0.017196975	0.572795835	pass	pass	0.0196140395	0.66136867	pass	--									
sub-017	y	--	good	good	good	good	good	good	good	good	good	--	pass	0.01482246	0.331591	pass	pass	0.02475596	0.3797881	pass	pass	0.0276316098	0.44530885	pass	pass	0.01845762	0.42749598	pass	--									
sub-018	y	--	good	good	good	good	good	good	good	good	good	--	pass	0.0200427	0.9206359	pass	pass	0.0130815	0.9015715	pass	pass	0.01268213	0.68523162	pass	pass	0.01692619	1.08101085	pass	--									
sub-019	y	--	good	good	good	good	good	good	good	good	good	--	pass	0.0192848	0.83441945	pass	pass	0.03790325	1.171135355	pass	pass	0.01970175	0.91260815	pass	pass	0.02598245	0.747664	pass	--									
sub-020	y	--	good	good	good	good	good	good	good	good	good	--	pass	0.02036005	0.7884069	pass	pass	0.0190172	0.90470635	pass	pass	0.02017297	1.724246	pass	pass	0.01283857	0.28620144	pass	--									
sub-021	y	--	good	good	good	good	good	good	good	good	good	--	pass	0.030465218	1.04282385	pass	pass	0.02939945	0.39846603	pass	pass	0.016169515	0.48562725	pass	pass	0.0154262	0.89610799	pass	--									
sub-022	y	--	good	good	good	good	good	good	good	good	good	--	pass	0.02130937	0.4488087	pass	pass	0.03759276	0.55689731	pass	pass	0.02959005	0.540567	pass	pass	0.0267895	0.34118746	pass	--									
sub-023	y	--	good	good	good	good	good	good	good	good	good		pass	0.0075377	0.40604588	pass	pass	0.0177111	0.56463916	pass	pass	0.01387003	0.40403675	pass	pass	0.025619565	0.59351015	pass	--									
sub-024	y	--	good	good	good	good	good	good	good	good	good	--	pass	0.01382888	0.31328825	pass	pass	0.0193889	0.23522413	pass	pass	0.02859959944	0.24012458	pass	pass	0.018754015	0.205198995	pass	--									
sub-025	y	--	good	good	good	good	good	good	good	good	good	--	pass	0.0334445	1.1723415	pass	pass	0.0286369	1.3037082	pass	pass	0.0143864	1.35565146	pass	pass	0.00759467	1.3119687	pass	--									
sub-026	y	--	good	good	good	good	good	good	good	good	good	--	pass	0.0128907	0.907611305	pass	pass	0.02895285	1.0379554	pass	pass	0.01096405	0.7259514	pass	pass	0.0443096	0.91120921	pass	--									
sub-027	y	--	good	good	good	good	good	good	good	good	good	--	pass	0.011771069	0.344827165	pass	pass	0.0226515	0.39808234	pass	pass	0.020202	0.54599618	pass	pass	0.018273169	0.27365907	pass	--									
sub-028	y	--	good	good	good	good	good	good	good	good	good	--	pass	0.01892199	0.4342133	pass	pass	0.03724664	0.70480945	pass	pass	0.00983153	0.4621593	pass	pass	0.028727551	0.5946573685	pass	--									
sub-030	y	--	good	good	good	good	good	good	good	good	good	--	pass	0.03399725	0.9149888	pass	pass	0.0377574	0.57605861	pass	pass	0.030881	0.6550149	pass	pass	0.0303094	0.5092287	pass	--									
sub-031	y	--	good	good	good	good	good	good	good	good	good	--	pass	0.0425765	1.810809	pass	pass	0.0267875	1.56955376	pass	pass	0.02592995	1.46699875	pass	pass	0.03140182	0.84921533	pass	--									
sub-032	y	--	good	good	good	good	good	good	good	good	good	--	pass	0.028304414	0.5581567	pass	pass	0.0100351	0.43087267	pass	pass	0.00740055	0.406419	pass	pass	0.01352058	0.516498245	pass	--									
sub-033	y	--	good	good	good	good	good	good	good	good	good	--	pass	0.0175348513	0.3978547	pass	pass	0.0137855	0.33616725	pass	pass	0.015167905	0.5566118	pass	pass	0.0310666	0.6616291	pass	--									
sub-034	y	--	good	good	good	good	good	good	good	good	good	--	pass	0.03877473009	1.7747465	pass	pass	0.035292915	1.056177935	pass	pass	0.0165497	0.80054165	pass	pass	0.0490592	2.812073455	pass	--									
sub-035	y	--	good	good	good	good	good	good	good	good	good	--	pass	0.0462282103	0.73447	pass	pass	0.05606026	0.75768971	pass	pass	0.02103704	0.627651	pass	pass	0.0392665	1.9865138	pass	--									
sub-036	y	--	good	good	good	good	good	good	good	good	good	--	pass	0.03057207819	0.65407855	pass	pass	0.0277531	3.3818285	fail	pass	0.03347405	2.47402145	pass	pass	0.0289985	0.78610804	pass	--									
sub-037	y	--	good	good	good	good	good	good	good	good	good	--	pass	0.01033375	0.44813962	pass	pass	0.018607	0.4256774107	pass	pass	0.01704076973	0.2320631	pass	pass	0.0247951	0.4000835	pass	--									
sub-038	y	--	good	good	good	good	good	good	good	good	good	--	pass	0.0201848	1.1069654	pass	pass	0.0224658	0.65840269	pass	pass	0.030666	0.50596134	pass	pass	0.0194479	0.581280815	pass	--									
sub-039	y	--	good	good	good	good	good	good	good	good	good	--	pass	0.0355865	2.769694	pass	pass	0.04144455	2.6794584	pass	pass	0.0294893	2.888874	pass	pass	0.0467174	1.47024861	pass	--									
sub-040	y	--	good	good	good	good	good	good	good	good	good	--	pass	0.02925080914	4.9591335	fail	pass	0.0169217	0.42263778	pass	pass	0.0152817	0.4489338	pass	pass	0.03093475	0.5377715	pass	--									
sub-041	y	--	good	good	good	good	good	good	good	good	good	--	pass	0.01262765	0.597619495	pass	pass	0.02099045	0.45675147	pass	pass	0.02623955	0.43631135	pass	pass	0.01215029	0.4948025	pass	--									
sub-042	y	--	good		poor	check	good	check	good	check	good	--	pass	0.0206255	1.103338	pass	pass	0.0117856	1.26363724	pass	pass	0.006637905	0.60788495	pass	pass	0.0101809	0.31824085	pass	--									
sub-043	y	--	good	good	good	good	good	good	good	good	good	--	pass	0.02668905	0.29127366	pass	pass	0.0160006	0.3617213	pass	pass	0.0200365	0.60164635	pass	pass	0.01880608	0.5758509	pass	--									
sub-044	y	--	good	good	good	good	good	good	good	good	good	--	pass	0.01834785	0.50250255	pass	pass	0.01153065	0.328482875	pass	pass	0.017361715	0.35772395	pass	pass	0.0241087	0.38988608	pass	--									
sub-045	y	--	good	good	good	good	good	good	good	good	good	--	pass	0.01370515	1.069199	pass	pass	0.01925473	1.50849265	pass	pass	0.01355121	0.38359274	pass	pass	0.02294457	1.02900045	pass	--									
sub-046	y	--	good	good	good	good	good	good	good	good	good	--	pass	0.0386685	0.900633	pass	pass	0.042506665	0.48512243	pass	pass	0.02722804	1.6032495	pass	pass	0.03242281	0.46278981	pass	--									
sub-048	y	--	good	good	good	good	good	good	good	NA 	NA	--	pass	0.04125485	0.40247653	pass	pass	0.0260894	0.7172729	pass	pass	0.0303772	0.7318328	pass					--									
sub-050	y	--	good	good	good	good	good	good	good	good	good	--	pass	0.026575	0.3447918942	pass	pass	0.0223191	0.36529295	pass	pass	0.0373549	0.39807455	pass	pass	0.0242758	0.3275794	pass	--									
sub-051	y	--	good	good	good	good	good	good	good	good	good	--	pass	0.0149945	0.1865036	pass	pass	0.0087022	0.17274588	pass	pass	0.0160446	0.41870755	pass	pass	0.0139512	0.41797125	pass	--									
sub-052	y	--										--	fail	0.0476405	1.6490945	pass	fail	0.06128493	1.20055895	pass	fail	0.039091015	1.24138122	pass	fail	0.07149155	1.26851435	pass	--									
sub-053	y	--	good	good	good	good	good	good	good	good	good	--	pass	0.0160456	0.738837	pass	pass	0.0188132	0.37011445	pass	pass	0.0169515	0.39278215	pass	pass	0.0153802	0.2601164645	pass	--									
sub-054	y	--	good	good	good	good	good	good	good	good	good	--	pass	0.04396	2.1212121	pass	pass	0.0379039	1.190272532	pass	pass	0.0229661	0.7248824	pass	pass	0.044958785	0.6481561	pass	--									
sub-055	y	--	good	good	good	good	good	good	good	good	good	--	pass	0.03032619	0.3746831	pass	pass	0.028434585	0.47354734	pass	pass	0.0107479	0.26742698	pass	pass	0.02003817	0.27082011	pass	--									
sub-056	y	--	good	good	good	good	good	good	good	good	good	--	pass	0.0142561	0.35694096	pass	pass	0.0104098	0.35974597	pass	pass	0.01862911292	0.389437	pass	pass	0.02529615	0.36529583	pass	--									
sub-057	y	--	good	good	good	good	good	good	good	good	good	--	pass	0.04668155	0.7824142	pass	pass	0.02175965	0.77855249	pass	pass	0.0324214	0.4719629	pass	pass	0.033030757	0.7869786	pass	--									
sub-058	y	--	good	good	good	good	good	good	good	good	good	--	pass	0.01968099	0.34787681	pass	pass	0.00356493	0.470722467	pass	pass	0.00816599	0.2818892885	pass	pass	0.0052764	0.317935475	pass	--									
sub-059	y	--	good	good	good	good	good	good	good	good	good	--	pass	0.04334666	1.6671526	pass	pass	0.03715998	1.15311569	pass	pass	0.01743605	1.11796485	pass	pass	0.0379959	1.030591534	pass	--									
sub-061	y	--	good	good	good	good	good	good	good	good	good	--	pass	0.0270539	1.0833628	pass	pass	0.0286976	0.6071842	pass	pass	0.02145283	0.63285886	pass	pass	0.01137293	0.5513398	pass	--									
sub-062	y	--	good	good	good	good	good	good	good	good	good	--	pass	0.0251297	0.3463037	pass	pass	0.02328515	0.476734	pass	pass	0.01576192	0.4627672	pass	pass	0.0125419	0.53769686	pass	--									
sub-063	y	--	good	good	good	good	good	good	good	good	good	--	pass	0.02809002	1.0376185	pass	pass	0.04313866	0.45238885	pass	pass	0.0489797	1.1646775	pass	pass	0.00572425	1.3531975	pass	--									
sub-064	y	--	good	good	check	good	check	good	check	good	check	--	pass	0.0077602	0.50587464	pass	pass	0.02843651	0.5064405	pass	pass	0.02386635	0.5280092	pass	pass	0.0127455	0.3321225	pass	--									
sub-065	y	--	good	good	good	good	good	good	good	good	good	--	pass	0.0321739	0.56676683	pass	pass	0.0083738	0.54661218	pass	pass	0.01477041	1.40421935	pass	pass	0.0150628	0.823857	pass	--									
sub-066	y	--	good	good	good	good	good	good	good	good	good	--	pass	0.0206102	0.551111	pass	pass	0.0209385	0.377684	pass	pass	0.0129669	0.29954455	pass	pass	0.01747085	0.30286823	pass	--									
sub-067	y	--	good	check	good	good	good	good	good	good	good	--	pass	0.03582914	1.19750005	pass	pass	0.06476993	0.79736485	pass	pass	0.03869045	0.9757493	pass	pass	0.0718492	1.2347604	pass	--									
sub-068	y	--	good	good	good	good	good	good	good	good	good	--	pass	0.0091472	0.25361782	pass	pass	0.0103911	0.2817289735	pass	pass	0.01251615	0.4165676	pass	pass	0.01066885	1.102329	pass	--									
sub-070	y	--	good	good	good	good	good	good	good	good	good	--	fail	0.0595334	5.966343	fail	pass	0.0220011	2.5147089	pass	pass	0.04536695	3.4546975	fail	pass	0.03368832	2.4541565	pass	--									
sub-071	y	--	good	good	good	good	good	good	good	good	good	--	pass	0.01141995	0.47137299	pass	pass	0.023137	0.42030425	pass	pass	0.0174835	0.39392973	pass	pass	0.027111184	1.674900333	pass	--									
sub-072	y	--	good	good	good	good	good	good	good	good	good	--	pass	0.02979948	0.488123535	pass	pass	0.02678181	1.1087378	pass	pass	0.01855923263	0.60180735	pass	pass	0.0253662	0.99911672	pass	--									
sub-073	y	--	good	check	poor	check	poor	check	poor			--	pass	0.0356732	1.1049385	pass	pass	0.015249081	0.82870794	pass	pass	0.0416022	0.6433714	pass					--									
sub-074	y	--										--																	--									
sub-075	y	--	good	good	good	good	good	good	good	good	good	--	pass	0.044037	2.228992	pass	pass	0.0337803	2.489798965	pass	pass	0.02329011	0.89198833	pass	pass	0.0257538	2.10006635	pass	--									
sub-077	y	--	good	check	check	check	check	check	check	check	check	--	pass	0.0140505	0.7117521	pass	pass	0.022252	0.766467	pass	pass	0.0233	0.9001947	pass	pass	0.02060095	0.87105335	pass	--									
sub-078	y	--	good	good	good	good	good	good	good	good	good	--	pass	0.022887845	0.385660425	pass	pass	0.021443	0.32712924	pass	pass	0.0159243	0.3930185	pass	pass	0.02539187	0.52356645	pass	--									
sub-079	y	--	good	good	good	good	good	good	good	good	good	--	pass	0.02634066	0.72374753	pass	pass	0.01554040948	0.42842255	pass	pass	0.01764908	0.600094363	pass	pass	0.01988325	0.68234535	pass	--									
sub-080	y	--	good	good	good	good	good	good	good	good	good	--	pass	0.029814835	0.564556595	pass	pass	0.01785835	0.499801565	pass	pass	0.0286022	0.6479186	pass	pass	0.021692955	0.50856619	pass	--									
sub-082	y	--	good	good	good	good	good	good	good	good	good	--	pass	0.0095098	0.1974332	pass	pass	0.0098227	0.2104388	pass	pass	0.018955865	0.17825874	pass	pass	0.0136021	0.18873975	pass	--									
sub-083	y	--	good	good	good	good	good	good	good	good	good	--	pass	0.03305105	1.2562378	pass	pass	0.04933626	0.9395058	pass	pass	0.04011715	1.21234128	pass	pass	0.0461498	0.55924265	pass	--									
sub-084	y	--	good	good	good	good	good	good	good	good	good	--	pass	0.0501561	1.23384236	pass	pass	0.01086566	0.82793123	pass	pass	0.02441235	0.588971555	pass	pass	0.0184817	1.1044072	pass	--									
sub-085	y	--	good	good	good	good	good	good	good	good	good	--	pass	0.0205371	0.6389224	pass	pass	0.028200535	0.43490325	pass	pass	0.0066595635	0.431261	pass	pass	0.0192841	0.41857808	pass	--									
sub-086	y	--	good	good	good	good	good	good	good	good	good	--	pass	0.029682611	1.20701118	pass	pass	0.0134915	0.416086175	pass	pass	0.0271694	0.49940604	pass	pass	0.03438552	0.41476625	pass	--									
sub-087	y	--	good	good	good	good	good	good	good	good	good	--	pass	0.024999	0.43082615	pass	pass	0.01671003	0.381962895	pass	pass	0.04365845	0.48991975	pass	pass	0.0246505	0.46344645	pass	--									
sub-088	y	--	good	good	good	good	good	good	good	good	good	--	pass	0.01895725	0.8049733	pass	pass	0.0184661	0.80899887	pass	pass	0.017548	0.454800915	pass	pass	0.0205329315	0.42881972	pass	--									
sub-089	y	--	good	good	good	good	good	good	good	good	good	--	pass	0.007548407	0.7139316	pass	pass	0.02183888	0.7288943	pass	pass	0.0253696	0.918731075	pass	pass	0.032222335	0.9993328	pass	--									
sub-090	y	--	good	good	good	good	good	good	good	good	good	--	pass	0.0110598	0.61336453	pass	pass	0.01754311	0.29479584	pass	pass	0.02536599	0.26170416	pass	pass	0.016202845	0.31445425	pass	--									
sub-091	y	--	good	good	good	good	good	good	good	good	good	--	pass	0.0224274	2.2388535	pass	pass	0.01581525	0.928447415	pass	pass	0.00817575	0.78318185	pass	pass	0.015533	0.59580565	pass	--									
sub-092	y	--	good	good	good	good	good	good	good	good	good	--	pass	0.01166971642	0.32892195	pass	pass	0.01274895	0.26610595	pass	pass	0.0244081	0.31792302	pass	pass	0.019509084	0.35048635	pass	--									
sub-093	y	--	good	good	good	good	good	good	good	good	good	--	pass	0.00777675	0.1925698	pass	pass	0.01469843	0.1903359	pass	pass	0.00945471634	0.18897985	pass	pass	0.0159558	0.1717444	pass	--									
sub-095	y	--	good	good	good	good	good	good	good	good	good	--	pass	0.0017948	0.28537422	pass	pass	0.01071713985	0.3457268	pass	pass	0.00967215	0.2646460407	pass	pass	0.01443785	0.226356195	pass	--									
sub-096	y	--	good	good	good	good	good	good	good	good	good	--	pass	0.0144434	0.4514085	pass	pass	0.01424075	0.4634495	pass	pass	0.0230398	0.3922469	pass	pass	0.010603375	0.611461065	pass	--									
sub-097	y	--	good	good	good	good	good	good	good	good	good	--	pass	0.019433659	0.48188804	pass	pass	0.0037050491	0.2594193552	pass	pass	0.02223125	0.54447865	pass	pass	0.01797897	0.34105915	pass	--									
sub-098	y	--	good	good	good	good	good	good	good	good	good	--	pass	0.0158734	0.4860062	pass	pass	0.02241657	0.82968285	pass	pass	0.01687744	0.29301534	pass	pass	0.02406275	0.278419509	pass	--									
sub-099	y	--	good	good	good	good	good	good	good	good	good	--	pass	0.03154465	1.54317268	pass	pass	0.0252205	1.011664	pass	pass	0.0156365	1.1778344	pass	pass	0.0302662	0.8765975	pass	--									
sub-102	y	--	good	good	good	good	good	good	good	good	good	--	pass	0.0211351591	1.05590615	pass	pass	0.0336399995	1.00411491	pass	pass	0.0143133839	0.9209054	pass	pass	0.01575471	1.02860045	pass	--									
sub-100	y	--	good	good	good	good	good	good	good	good	good	--	pass	0.0494107	0.9417274	pass	pass	0.03443155	0.88625465	pass	pass	0.038172255	0.515596548	pass	pass	0.0422239	3.5439059	fail	--									
sub-103	y	--	good	good	good	good	good	good	good	good	good	--	pass	0.032051585	0.904737945	pass	pass	0.0274752	1.130705805	pass	pass	0.02667015	0.6540383	pass	pass	0.063782	1.1984203	pass	--									
sub-104	y	--	good	good	good	good	good	good	good	good	good	--	pass	0.0630172	1.73976825	pass	pass	0.032609	1.148340825	pass	pass	0.061552905	1.3845976	pass	pass	0.04644545	1.1910909	pass	--									
sub-107	y	--	good	good	good	good	good	good	good	good	good	--	pass	0.02767245	0.3291782	pass	pass	0.0119845	0.28864227	pass	pass	0.0239963	0.370885	pass	pass	0.0174547	0.3782849	pass	--									
sub-108	y	--	good	good	good	good	good	good	good	good	good	--	pass	0.0329475	2.61231608	pass	pass	0.01803915	2.81833947	pass	pass	0.03080426	3.7725231	fail	pass	0.0080219	3.910009	fail	--									
sub-109	y	--	good	good	good	good	good	good	good	good	good	--	pass	0.0174005	0.802931895	pass	pass	0.033749	0.571875035	pass	pass	0.03739845	0.6764151	pass	pass	0.03627345	0.8436335	pass	--									
sub-111	y	--	good	good	good	good	good	good	good	good	good	--	pass	0.02472455	0.48057754	pass	pass	0.03555025	2.38850111	pass	pass	0.01325736	0.68248913	pass	pass	0.012157595	0.590521175	pass	--									
sub-112	y	--	good	good	good	good	good	good	good	good	good	--	pass	0.0388062	0.6383299	pass	pass	0.012198428	0.48364077	pass	pass	0.03437481	0.5753216	pass	pass	0.03931723	0.68746052	pass	--									
sub-114	y	--	good	good	good	good	good	good	good	good	good	--	pass	0.013783201	0.25138885	pass	pass	0.01678375	0.308383532	pass	pass	0.0187125	0.2851641	pass	pass	0.016689825	0.26878005	pass	--									
sub-115	y	--	good	good	good	good	good	good	good	good	good	--	pass	0.01977515	7.0278726	fail	pass	0.02496606	0.78309795	pass	pass	0.0498008	0.7075022	pass	pass	0.027752975	0.6574559	pass	--									
sub-116	y	--	good	good	good	good	good	good	good	good	good	--	pass	0.0221402	1.66877225	pass	pass	0.03449225	2.5059037	pass	pass	0.03286893	2.18447645	pass	pass	0.0486526	1.66916567	pass	--									
sub-117	y	--	good	good	good	good	good	good	good	good	good	--	pass	0.01131869	0.3806712	pass	pass	0.029358555	0.47615165	pass	pass	0.01190562	0.61853404	pass	pass	0.02581725	1.06652008	pass	--									
sub-118	y	--	good	good	good	good	good	good	good	good	good	--	pass	0.0093141	0.45840355	pass	pass	0.0337354	0.5292086	pass	pass	0.02625628	0.29477178	pass	pass	0.01872155	0.34367223	pass	--									
sub-119	y	--	good	good	good	good	good	good	good	good	good	--	pass	0.0136168824	0.6296245	pass	pass	0.0479965	3.52561435	fail	pass	0.0303597	1.0997465	pass	pass	0.03241695	0.7143145	pass	--									
sub-120	y	--	good	good	good	good	good	good	good	good	good	--	pass	0.0438455	1.21157215	pass	pass	0.0147439	0.4895897	pass	pass	0.0300544	0.617281484	pass	pass	0.0154302	0.46525345	pass	--									
sub-121	y	--	good	good	good	good	good	good	good	good	good	--	pass	0.0087778	0.6148387	pass	pass	0.027193455	3.7126527	fail	pass	0.0134307	2.86394915	pass	pass	0.04509135	20.6594795	fail	--									
sub-123	y	--	good	good	good	good	good	good	good	good	good	--	pass	0.038004	1.333461	pass	pass	0.0286035	2.05218745	pass	pass	0.03644503	0.708101295	pass	pass	0.0186016	0.80721131	pass	--									
sub-124	y	--	good	good	good	good	good	good	good	good	good	--	pass	0.015545025	0.4805455	pass	pass	0.01989343	0.27679615	pass	pass	0.01354665	0.4026094	pass	pass	0.01201742	0.303919	pass	--									
sub-127	y	--	good	good	good	good	good	good	good	good	good	--	pass	0.0329475	2.61231608	pass	pass	0.01803915	2.81833947	pass	pass	0.03080426	3.7725231	fail	pass	0.0080219	3.910009	fail	--									
sub-129	y	--	good	good	good	good	good	good	good	good	good	--	pass	0.04395011	0.9620568	pass	pass	0.06667435	1.2000535	pass	pass	0.02345905	0.9621842	pass	pass	0.0375035	1.4970105	pass	--									
sub-130	y	--	good	good	good	good	good	good	good	good	good	--	pass	0.02278875	0.7471699	pass	pass	0.019628181	0.64424753	pass	pass	0.0444433	0.63878284	pass	pass	0.03255974	0.45177365	pass	--									
sub-131	y	--	good	good	good	good	good	good	good	good	good	--	pass	0.0207555	1.0543544	pass	pass	0.0079874	1.8305659	pass	pass	0.023594	1.068103851	pass	pass	0.033170815	1.578304	pass	--									
sub-132	y	--	good	good	good	good	good	good	good	good	good	--	pass	0.02639298	0.44849605	pass	pass	0.029839005	0.39167755	pass	pass	0.026797875	0.549476405	pass	pass	0.01930545	0.4112297	pass	--									
sub-133	y	--	good	good	good	good	good	good	good	good	good	--	pass	0.0350314	2.0922344	pass	pass	0.029794825	1.49418027	pass	pass	0.02289877	1.0151989	pass	pass	0.01492041	1.1956967	pass	--									
sub-134	y	--	good	good	good	good	good	good	good	good	good	--	pass	0.025032545	0.41278145	pass	pass	0.0309446	0.37366115	pass	pass	0.02521245	0.4104494	pass	pass	0.0273587103	0.86645017	pass	--									
sub-135	y	--	good	good	good	good	good	good	good	good	good	--	pass	0.0312507	1.52647	pass	pass	0.00885375	0.81629078	pass	pass	0.0181986	0.84233565	pass	pass	0.01709735	0.79315675	pass	--									
sub-136	y	--	good	good	good	good	good	good	good	good	good	--	pass	0.0208713	0.488568125	pass	pass	0.0201105	0.31097515	pass	pass	0.021464127	0.45607767	pass	pass	0.029275165	0.6227073	pass	--									
sub-137	y	--	good	good	good	good	good	good	good	good	good	--	pass	0.0234808	0.67461564	pass	pass	0.038848075	0.646703	pass	pass	0.0366228	0.8862769	pass	pass	0.0090959	0.8479215	pass	--									
sub-138	y	--	good	good	good	good	good	good	good	good	good	--	pass	0.01658296	0.761863625	pass	pass	0.0189895	4.6183046	fail	pass	0.0285525	0.899601	pass	pass	0.034035	1.1592805	pass	--									
sub-140	y	--	good	good	good	good	good	good	good	good	good	--	pass	0.0345502	0.48277665	pass	pass	0.05429037	0.61528825	pass	pass	0.0332363	0.648789045	pass	pass	0.03290126	0.66802385	pass	--									
sub-141	y	--	good	good	good	good	good	good	good	good	good	--	pass	0.0458775	0.5914682	pass	pass	0.03291942	0.90342423	pass	pass	0.0320453	0.7343468	pass	pass	0.02174935	0.9596316	pass	--									
sub-142	y	--	good	good	good	good	good	good	good	good	good	--	pass	0.011581455	0.3016046	pass	pass	0.019773	0.57675827	pass	pass	0.02931733	0.482235975	pass	pass	0.01285131	0.7018281	pass	--									
sub-143	y	--	good	good	good	good	good	good	good	good	good	--	pass	0.0275578	0.4911987	pass	pass	0.0335528	0.37346035	pass	pass	0.015085835	0.3603207	pass	pass	0.0168124	0.52205345	pass	--									
sub-144	y	--	good	good	good	good	good	good	good	good	good	--	pass	0.03633185	3.9277442	fail	pass	0.05054384	1.609024	pass	pass	0.0477566	2.79255855	pass	pass	0.0615096	1.81950655	pass	--									
sub-145	y	--	good	good	good	good	good	good	good	good	good	--	pass	0.04806391	1.250675075	pass	pass	0.02842249	0.719830577	pass	pass	0.03775943	0.63571745	pass	pass	0.03267777	0.8343489365	pass	--									
sub-146	y	--	good	good	good	good	good	good	good	good	good	--	pass	0.01853065	0.7871549	pass	pass	0.01913105	0.84772605	pass					pass	0.015993695	0.68716678	pass	--									
sub-147	y	--	good	good	good	good	good	good	good	N/A	N/A	--	pass	0.0338499812	1.14874775	pass	pass	0.0364747	1.495578325	pass	pass	0.00955965	1.0619557	pass	N/A	N/A	N/A	N/A	--									
sub-148	y	--	good	good	good	good	good	good	good	good	poor	--	pass	0.03090145	0.753993	pass	pass	0.0328099	0.52666322	pass	pass	0.022186	0.751213015	pass	pass	0.03134735	0.63292591	pass	--									
sub-149	y	--	good	good	good	good	good	good	good	good	good	--	pass	0.030775689	1.748799	pass	pass	0.0372561	1.49082005	pass	pass	0.0464155	1.75326115	pass	pass	0.0400359	1.8485856	pass	--									
sub-150	y	--	check	check 	check	check	check	check	check	check	check	--	pass	0.0622705	4.0773423	fail	pass	0.032919	1.321394245	pass	pass	0.0462138	0.85301569	pass	pass	0.03157425	0.84243635	pass	--									
sub-151	y	--	check	check	check	check	check	check	check	check	check	--	pass	0.0092933005	0.426951105	pass	pass	0.017027	0.588234189	pass	pass	0.04108	1.77517255	pass	pass	0.0234208	0.986751275	pass	--									
sub-152	y	--	check	check	check	check	check	check	check	check	check	--	pass	0.0112452	1.10709515	pass	pass	0.00990525	1.639006064	pass	pass	0.00590463	0.837526	pass	pass	0.0192896	1.66637395	pass	--									
sub-153	y	--	check	check	check	check	check	check	check	check	check	--	pass	0.0139464	0.22399615	pass	pass	0.02183229	0.243532	pass	pass	0.00795198	0.2505042	pass	pass	0.0184393	0.4683204	pass	--									
sub-154	y	--	check	good	check	check	check	check	check	check	check	--	pass	0.027356254	0.4552648	pass	pass	0.0366943971	0.51006268	pass	pass	0.0231611	0.38408785	pass	pass	0.02159631	0.91761945	pass	--									
sub-156	y	--	good	good	missing	good	missing	good	missing	good	missing	--	pass	0.0179166	0.7909297	pass	pass	0.01255399	1.18837855	pass	pass	0.016687	1.5010389	pass	pass	0.018323255	1.38113047	pass	--									
sub-157	y	--	good	good	good	good	good	good	good	good	good	--	pass	0.04123965	1.5743365	pass	pass	0.0240465	1.1147647	pass	pass	0.03448285	1.29547015	pass	pass	0.04042487	1.22979153	pass	--									
sub-159	y	--	good	good	good	good	good	good	good	good	good		pass	0.03727755	0.90858855	pass	pass	0.0313297055	0.96238515	pass	pass	0.02975745	0.9078102	pass	pass	0.03381345	1.24521645	pass	--									
sub-060			good	good	good	good	good	N/A	N/A	N/A	N/A		pass	0.01842885	0.9650072	pass	pass	0.04716016	0.9040332	pass	N/A	N/A	N/A	N/A	N/A	N/A	N/A	N/A										
sub-076			good	good	good	good	good	good	good	N/A	N/A		pass	0.020212837	0.4318589	pass	pass	0.0209449	0.5652206	pass	pass	0.0361175	0.7110088	pass														